Parameter,Ambient_pH,Low_pH
Q10,1.8222861739236533,1.3181995572484233
Metabolic Scaling Coefficient b,-0.950815686162403,-1.3450337747216874
E,0.1705102577855142,0.6334079726944135
Respiratory Quotient (RQ),-1.1810657003785108,23.99912602826589
